,Pantry Products List,,,,,
,,,,,,
Type,SKU,Product,Price,Ingredients (Optional),Allergens (Optional),Will Be Microwaved (Yes/No)
Breakfast,1770,"""Protein Zone"" Breakfast Egg White Wrap",$5.99,"Egg Whites, Chicken Apple Sausage, Sautéed Spinach, Cheddar Cheese, Herb Quinoa, Whole Wheat Tortilla",Dairy/ Gluten,Yes
Breakfast,1771,"""The Italian"" Breakfast Burrito",$5.99,"Scrambled Eggs, Grilled Mild Italian Sausage, Roasted Red Bell Peppers, Mozzarella Cheese, Country Potatoes, Garlic Herb Wrap",Dairy/ Gluten,Yes
Wrap,1837,16 Spiced Rubbed BBQ Brisket Wrap,$5.99," 16 Spice Rubbed BBQ Chopped Brisket, Honey Bourbon BBQ Sauce, Picnic Potato Salad, Grilled Red Onions Relish, Shredded Cheddar Cheese, Iceberg Lettuce, Flour Tortilla",Dairy/ Gluten,Yes
Sandwich,2824,Almost Classic Bologna Sandwich,$6.50,"Mortadella, Tomato, Romaine, Onion, Mustard & Mayonnaise on Sliced Rustic Bread ",Dairy/Gluten,No
Wrap,1772,Alpino Wrap,$5.99,"Prosciutto, Quinoa, Fontina Cheese, D'anjou Pears, Walnuts, Arugula, Balsamic Vinaigrette, Thyme, Tomato Basil Tortilla",Dairy/ Gluten/ Nuts,Yes
Anytime,1902,Anti Pasta Platter,$4.49,"Ham, Salami, Turkey, Provolone, Olives, Roasted Red Bell Pepper",Dairy,No
Anytime,1901,Apple Turnover,$3.99,"Apple Filling, Pastry, Caramel Sauce",Gluten,Yes
Salad,1892,Apple-Wood Smoked Bacon & Caprese Salad,$6.49,"Tomato, Bacon, Fresh Mozzarella, Arugula, Pecorino, Cucumbers, Basil, Honey-Bacon Vinaigrette",Dairy,No
Wrap,1863,Argentina Steak Wrap,$5.99," Sirloin Steak, Sweet Potatoes, Romaine, Tomato & Corn Relish, Chimichurri Aioli, Herb Garlic Tortilla",Gluten,Yes
Salad,1900,Asian Noodle Salad,$3.99,"Angel Hair Pasta, Chile Oil, Scallions, Cilantro, Toasted Almonds, Tamari",Nuts,No
Salad,1871,Asian Tofu Crispy Noodle Salad,$5.99,"Sweet & Spicy Marinated Cubed Tofu, Crispy Ramen Noodles, Shredded Carrots, Red Bell Pepper, Cilantro, Water Chestnuts, Red Cabbage, Napa Cabbage, Iceberg Lettuce, Soy Ginger Sesame Vinaigrette",Gluten,No
Anytime,1906,Assorted Cheese Display,$5.49,"Dried Fruit, Grapes, Nuts, Assorted Crackers",Gluten/ Nuts,No
Sandwich,1823,B&B Grilled Steak Sandwich,$7.25,"Herb Marinated Grilled Skirt Steak, Bacon, Butter Lettuce, Blue Cheese Spread, Whole Grain Mustard, Sliced Sourdough Bread",Dairy/ Gluten,Yes
Breakfast,1766,Bacon Breakfast Burrito,$5.99,"Scrambled Eggs, Applewood Smoked Bacon, Cheddar Cheese, Breakfast Tater Tots, Flour Tortilla",Dairy/ Gluten,Yes
Breakfast,1783,Bacon Cheddar Breakfast Sandwich,$5.99,"Baked Eggs, Applewood Smoked Bacon, Cheddar Cheese, Sourdough English Muffin",Dairy/ Gluten,Yes
Breakfast,1947,Bacon Cheddar Croissant Breakfast Sandwich,$5.99,"Baked Egg, Applewood Smoked Bacon, Cheddar Cheese, Croissant",Dairy/ Gluten,Yes
Anytime,1924,Bacon Fried Rice & Fried Egg,$4.99,"Jasmine Rice, Egg, Bacon, Green Onion, Soy Sauce, Sugar",Gluten,Yes
Wrap,1760,Bacon Spinach & Feta Breakfast Wrap,$5.99,"Crispy Bacon, Sautéed Garlicky Spinach, Crumbled Feta, Scrambled Eggs, Roasted Red Bell Pepper, Country Potatoes, Garlic Herb Flour Tortilla",Dairy/ Gluten,Yes
Breakfast,1935,"Bacon, Caramelized Onion & Potato Frittata",$4.99,"Crispy Bacon, Caramelized Onions, Blue Cheese, Roasted Sliced Potatoes, Chives, Custard Egg Mix",Dairy,Yes
Sandwich,1798,BBQ Brisket Sandwich,$7.25,"Slow Roasted BBQ Chopped Brisket, Grilled Red Onion Relish, Cheddar Cheese, BBQ Sauce, Shredded Romaine, Dutch Crunch Roll",Dairy/ Gluten,Yes
Sandwich,1821,BBQ Chicken Banh Mi,$6.50,"Lemongrass Chicken, Chicken Pate, Pickled Carrots, Daikon, Jalapenos, Aioli, Cilantro, French Demi Baguette",Dairy/ Gluten/ Shellfish,Yes
Sandwich,1799,BBQ Pulled Pork Sandwich,$7.25,"16 Spice Rubbed Slow Roasted Pulled Pork, Honey Bourbon BBQ Sauce, Cheddar Cheese, Confetti Slaw, Steak Roll",Dairy/ Gluten,Yes
Salad,1889,BBQ Ranch Grilled Chicken Salad,$6.49,"Grilled 16 Spice Chicken Breast, Grilled Corn, Tomato, Avocado, Cucumber, Black Beans, Crispy Onion Strings, Romaine Confetti Blend, Buttermilk Ranch Dressing, House BBQ Sauce",Dairy/ Gluten,No
Breakfast,1937,Belgian Waffle,$5.99,"Warm Maple Syrup, Whipped Butter",Dairy/ Gluten,Yes
Breakfast,1915,Black Bean Patty Huevos Rancheros,$4.99,"Grilled Spicy Black Bean Patty, Salsa Roja, Pepper Jack Cheese, Scrambled Eggs, Beans ala Charra, Country Potatoes, Mini Tortillas ",Dairy/ Gluten,Yes
Breakfast,1939,Blueberry Filled Buttermilk Pancakes,$5.99,"Warm Maple Syrup, Whipped Butter",Dairy/ Gluten,Yes
Anytime,1910,Breakfast Berry & Yogurt Parfait w/ Granola,$4.49,"Granola, Seasonal Fruits & Berries",Gluten/ Nuts,No
Breakfast,1789,Breakfast Empanada,$5.99,"Scrambled eggs, Pepper Jack Cheese, Caramelized Onions, Green Chili, Pastry",Dairy/ Gluten,Yes
Breakfast,1936,Buttermilk Pancakes,$5.99,"Warm Maple Syrup, Whipped Butter",Dairy/ Gluten,Yes
Anytime,1899,Butterscotch Pudding,$3.99,Nilla Wafers,Gluten,No
Wrap,1861,Cajun Roasted Pork Wrap,$5.99,"Dirty Rice, Holy Trinity (Onions/Bell Pepper/ Celery), Cajun BBQ Sauce, Tomato, Romaine, Chipotle Tortilla",Gluten,Yes
Sandwich,1948,California Bacon Croissant Breakfast Sandwich,$5.99,"Crispy Bacon, Baked Egg, Green Onion Cream Cheese, Sliced Tomato, Avocado Spread, Swiss Cheese, Croissant",Dairy/ Gluten,Yes
Wrap,1825,California Quinoa Vegetable Wrap,$5.49,"Pesto Quinoa, Diced Avocado, Spice Toasted Cashews, Shredded Carrot, Julienned Red Bell Pepper, Sun Dried Tomato & Green Onion Cream Cheese, Baby Spinach, Smoked Gouda, Whole Wheat Tortilla",Dairy/ Gluten/ Nuts,Yes
Breakfast,1934,California Turkey Bacon Eggs Benedict,$4.99,"Toasted English Muffin, Turkey Bacon, Avocado, Sliced Tomato, Scrambled Eggs, Hollandaise Sauce, Country Potatoes",Dairy/ Gluten,Yes
Breakfast,1778,California Veggie Breakfast Sandwich,5.99,"Baked Egg, Grilled Mixed Vegetables, Roasted Tomato Relish, Avocado Spread, Smoked Gouda Cheese, Croissant",Dairy/ Gluten,Yes
Salad,1890,California Waldorf Chicken Salad,$6.49,"Roasted Garlic & Herb Marinated Grilled Chicken Breast, Red Flame Grapes, Green Apple, Candied Walnuts, Celery, Golden Raisins, Gorgonzola Cheese, Field Greens, Balsamic Honey Dijon Vinaigrette",Dairy,No
Sandwich,1790,Californian Vegetarian Sandwich,$5.75,"Avocado, Sprouts, Roasted Tomato, Cucumber, Red Onion, Roasted Garlic Aioli, Swiss Cheese, Dutch Crunch",Dairy/ Gluten,Yes
Breakfast,1920,Caprese Eggs Benedict,$4.99,"Scrambled Eggs, House-Made Pesto, Roasted Tomatoes, Fresh Mozzarella, Hollandaise Sauce, Herb Focaccia, Country Potatoes",Dairy/ Gluten/ Nuts,Yes
Sandwich,1802,Caputo's Italian Roast Beef & Pepper Sandwich,$7.25,"House-Made Italian Roast Beef, Grilled Onions, Green Bell Peppers, Provolone Cheese, Giardineria Mix, Roasted Garlic & Pepperoncini Aioli, Steak Roll",Dairy/ Gluten,Yes
Anytime,1896,"Celery, Apple, Nutella & Peanut Butter Cups",$3.99,,Dairy/ Nuts,No
Sandwich,1796,Chaat Style Curry Gobi & Chickpea Sandwich,$5.75,"Cauliflower, Chickpea, Provolone Cheese, Tomato, Caraway-Carrot Chutney , Cucumber Yogurt, Sliced Rustic Bread",Dairy/ Gluten,Yes
Salad,1887,Chef Chopped Salad,$6.49,"Turkey Strips, Ham Strips, Cheddar & Swiss Cheese, Hard Boiled Egg, Diced Tomato, Red Onion, Sliced Mushroom, Cucumbers, Shredded Carrot, Romaine Lettuce, Garlic Croutons, Pesto Ranch Dressing",Dairy/ Gluten/ Nuts,No
Wrap,1857,Chicken Pecan Wrap,$5.75,"Soy Sauce Marinated Chicken, Mango, Mandarin Oranges, Butter Lettuce, Aioli, Spiced Pecan, Dijon Mustard, Cinnamon, Spinach Tortilla",Gluten/ Nuts,Yes
Wrap,1859,Chicken Tikka Masala Wrap,$5.75,"Spiced Potato, Kidney Bean, Tumeric Basmati Rice, Sour Cream, Cilantro Chutney, Spinach Tortilla",Dairy/ Gluten/ Nuts,Yes
Sandwich,1800,Chicken Waldorf Sandwich,$6.50,"Grilled Herb Chicken, Apple, Candied Walnuts, Celery & Grape Salad, Butter Leaf Lettuce, Smoked Gouda, Croissant",Dairy/ Gluten/ Nuts,Yes
Wrap,1838,Chili-Citrus Chicken & Avocado Wrap,$5.75,"Grilled Citrus Chili Chicken Breast, Avocado, Black Beans, Cilantro Chipotle Aioli, Queso Fresco, Fresh Tomato, Shredded Romaine, Chipotle Flour Tortilla",Dairy/ Gluten,Yes
Anytime,1907,Chili-Lime Fruit Crudité Cup,$4.49,"Pineapple, Watermelon, Mango, Jicama, Cucumber, Lime Wedges, Chili Lime Salt",,No
Wrap,1855,Chili-Lime Southwest Steak Wrap,$5.99,"Chili-Lime Grilled Bavette Steak, Shredded Pepper Jack Cheese, Black Beans, Grilled Corn, Tomato, Green Onion, Shredded Iceberg, Chipotle Ranch, Chipotle Flour Tortilla",Dairy/ Gluten,Yes
Salad,1891,Chinese Chicken Salad,$6.49,"Soy Sauce & Sesame Marinated Chicken, Romaine Lettuce, Red Bell Peppers, Wonton Chips, Cilantro, Mandarins, Toasted Almonds, Sesame Seeds, Rice Wine Vinaigrette ",Gluten/ Nuts,No
Wrap,1864,Chinese Chicken Salad Wrap,$5.75,"Poached Chicken Breast, Romaine, Rice Noodles, Pickled Cucumbers & Carrots, Green Onion, Cilantro, Almonds, Sesame and Rice Wine Vinaigrette, Flour Tortilla",Gluten/ Nuts,Yes
Anytime,1911,Chips & Pico,$3.49,"House Made Tortilla Chips, Pico de Gallo",Gluten,No
Breakfast,1768,Chorizo Green Chili Breakfast Burrito,$5.99,"Chorizo, Scrambled Eggs, Roasted Green Chili's, Country Potatoes, Shredded Pepper Jack Cheese, Chipotle Flour Tortilla",Dairy/ Gluten,Yes
Breakfast,1782,Chorizo Green Chili Egg Breakfast Sandwich,$5.99,"Baked Egg, Chorizo, Green Chili’s, Sliced Pepper Jack Cheese, Cilantro-Lime Mayo, Sourdough English Muffin",Dairy/ Gluten,Yes
Breakfast,1933,Chorizo Green Chili Scramble,$4.99,"Chorizo Green Chili, Scrambled Eggs, Shredded Pepper Jack Cheese, Shredded Hash Browns, Mini Corn Tortilla",Dairy,Yes
Breakfast,1938,"Cinnamon French ""Texas"" Toast",$5.99,"French ""Texas"" Toast, Warm Maple Syrup, Whipped Butter",Dairy/ Gluten,Yes
Salad,1874,Citrus Grilled Steak Asian Spinach Salad ,$6.49,"Citrus Soy Ginger Marinated Grilled Skirt Steak, Orange Segments, Grilled Red Onions, Cilantro, Red Bell Pepper, Bean Sprouts, Crispy Won Ton Strips, Baby Spinach, Spicy Citrus Asian Vinaigrette",Gluten,No
Sandwich,1817,Classic BLT,$6.50,"Apple-Wood Smoked Bacon, Vine Ripe Tomato, Butter Lettuce, Roasted Garlic Aioli, Sliced Italian Rustic Bread",Dairy/ Gluten,Yes
Sandwich,1788,Classic BLT & Egg,$5.99,"Apple-Wood Smoked Bacon, Vine Ripe Tomato, Butter Lettuce, Roasted Garlic Aioli, Croissant",Dairy/ Gluten,Yes
Sandwich,1804,Classic Tuna Sandwich,$7.25,"Classic Tuna Salad, Swiss Cheese, Lettuce, Tomato, Sliced Red Onion, Croissant",Dairy/ Gluten,Yes
Wrap,1769,Cordon Bleu Breakfast Wrap,$5.99,"Diced Ham, Shredded Swiss, Whole Grain Mustard, Hollandaise Sauce, Chopped Green Onions, Scrambled Eggs, Country Potatoes, Flour Tortilla",Dairy/ Gluten,Yes
Wrap,1761,Corn Beef Hash Breakfast Wrap,$5.99,"Corned Beef Hash, Sautéed Bell Peppers & Onions, Shredded Cheddar Cheese, Scrambled Eggs, Country Potatoes, Flour Tortilla",Dairy/ Gluten,Yes
Breakfast,1932,Corned Beef & Hash Breakfast Platter ,$4.99," House-Made Corned Beef & Hash, Scrambled Eggs, Shredded Hash Browns",Dairy,Yes
Salad,1875,Cosmo Bacon Spinach Salad,$6.49,"Baby Spinach, Crispy Bacon, Crumbled Hardboiled Eggs, Grilled Balsamic Onions, Dried Cranberries, Candied Pecans, Blue Cheese, Balsamic Dressing, Roasted Garlic Crostini",Dairy/ Gluten/ Nuts,No
Sandwich,1702,Cosmo Breakfast Egg White Sandwich,$5.99,"Egg Whites, Turkey Bacon, Sautéed Spinach, Cheddar Cheese, Whole Wheat English Muffin",Dairy/ Gluten,Yes
Wrap,1755,Cosmo Breakfast Vegetarian Egg White Wrap,$5.99,"Egg Whites, Sautéed Spinach, Herb Seven Whole Grain Blend, Black Beans, Caramelized Onions, Cheddar Cheese, Whole Wheat Tortilla",Dairy/ Gluten,Yes
Sandwich,1814,Cosmo Crispy Chicken Sandwich,$6.50,"House-Made Buttermilk Fried Chicken Breast, Crystal Hot Sauce Garlic Lemon Aioli, Apple-Cider Whole Grain Mustard Confetti Slaw, Butter La Baccia Roll (G,D)",Dairy/ Gluten,Yes
Breakfast,1705,Cosmo Egg White Bowl,$4.99,"Egg Whites, Sautee Spinach, Black Beans, Steamed Bulgur Wheat, Chicken Apple Sausage ",Gluten,Yes
Breakfast,1779,Cosmo Egg White Vegetarian Breakfast Sandwich,$5.99," Egg Whites, Sautéed Spinach, Cheddar Cheese, Roasted Garlic Aioli, Whole Wheat English Muffin",Dairy/ Gluten,Yes
Anytime,1905,Cottage Cheese Cup,$2.99,Assorted Seasonal Fruit,Dairy,No
Salad,1894,Creamy Blue Cheese & Apple Wood Smoked Bacon Wedge Salad,$6.49,"Iceberg Lettuce, Bacon, Blue Cheese Crumbles, Cherry Tomato, Carrots, Caper Berries, Toasted Almonds, Parsley, Blue Cheese Dressing",Dairy/ Gluten,No
Wrap,1839,Crispy Buffalo Chicken Wrap,$5.75,"Crispy Buffalo Chicken Strips, Blue Cheese Crumbles, Carrot Strings, Celery Strips, Buffalo Sauce Drizzle, Shredded Romaine, Flour Tortilla",Diary/ Gluten,Yes
Breakfast,1931,Crispy Pancetta Caprese Baked Egg Casserole,$4.99,"Egg, Whole Milk Mozzarella, Roasted Tomatoes, Pesto, Caramelized Onions, Crispy Pancetta, Balsamic Reduction, Country Potatoes",Dairy/ Nuts,Yes
Anytime,1721,Crudité Cup,$4.49,Pesto Ranch Dressing,Dairy/ Nuts,No
Sandwich,1812,Day After Thanksgiving Turkey Sandwich,$6.50,"Roasted Turkey, Whipped Sweet Potatoes, Cranberry Sauce, Traditional Stuffing, Ciabatta ",Dairy/ Gluten,Yes
Breakfast,1928,Denver Scramble ,$4.99,"Red and Green Bell Pepper, Sautéed Red Onions, Diced Ham, Swiss Cheese, Scrambled Eggs, Country Potatoes ",Dairy,Yes
Sandwich,1791,Egg Salad Sandwich,$5.75," Traditional Egg Salad, Shredded Iceberg, Sliced Tomatoes, Croissant",Dairy/ Gluten,Yes
Wrap,1835,Egg Salad Wrap,$5.99,"Egg, Red Bell Pepper, Cucumber, Green Onion, Romaine, Aioli, Paprika, Flour Tortilla",Gluten,Yes
Sandwich,1792,Eggplant Parmesan Caprese Sandwich,$5.75,"Crispy Eggplant Parmesan, Balsamic Oven Roasted Tomatoes, Mozzarella Cheese, Pesto Parmesan Aioli, Herb Focaccia Bun",Dairy/ Gluten,Yes
Anytime,1720,Fresh Fruit Cup,$3.99,Cut Seasonal Fruit,,No
Anytime,1895,Fresh Vietnamese Spring Rolls,$3.99,Nouc Cham or Spicy Peanut Sauce,Gluten/ Nuts/ Shellfish,Yes
Breakfast,1756,Green Chili & Black Bean Vegetarian Breakfast Burrito,$5.99,"Green Chili’s, Black Beans, Pepper jack Cheese, Scrambled Eggs, Country Potatoes, Chipotle Wrap",Dairy/ Gluten,Yes
Wrap,1840,Grilled Chicken Bacon Ranch Wrap ,$5.75,"Grilled Cubed Chicken Breast, Crispy Bacon, Buttermilk-Ranch Dressing, Shredded Cheddar Cheese, Diced Tomato, Shredded Romaine Lettuce, Flour Tortilla",Dairy/ Gluten,Yes
Salad,1876,Grilled Chicken Caesar Salad,$6.49,"Italian Marinated Grilled Chicken, Parmesan Reggiano, Petite Romaine Hearts, Garlic Herb Croutons, Traditional Caesar Dressing",Dairy/ Gluten,No
Wrap,1841,Grilled Chicken Caesar Wrap,$5.75,"Italian Marinated Grilled & Cubed Chicken, Shredded Parmesan Reggiano, Classic Caesar Dressing, Chopped Romaine Hearts in a Tomato Basil Wrap",Dairy/ Gluten,Yes
Wrap,1865,Grilled Chicken Wedge Salad Wrap,$5.99,"Chicken, Apple Wood Smoked Bacon, Iceberg Lettuce, Tomato, Onion, Buttermilk Ranch Dressing, Garlic Herb Tortilla",Dairy/ Gluten,Yes
Sandwich,1810,"Grilled Chicken, Bacon & Avocado Sandwich",$6.50,"Marinated & Grilled Chicken Breast, Crispy Bacon, Sliced Avocado, Smoked Gouda, Whole-Grain Mustard, Roasted Garlic Aioli, Baby Arugula, Dutch Crunch",Dairy/ Gluten,Yes
Wrap,1836,"Grilled Chicken, Bacon, Date & Candied Pecan Wrap",$5.75,"Grilled and Shredded Chicken, Bacon Crumbles, Crispy Onion Strings, Dried Dates, Candied Pecans, Blue Cheese, Baby Spinach, Roasted Garlic Aioli, Garlic Herb Tortilla (G)",Dairy/ Gluten/ Nuts,Yes
Salad,1888,"Grilled Chicken, Strawberry, Pecan & Baby Spinach Salad",$6.49,"Lemon Herb Grilled Cubed Chicken Breast, Sliced Strawberries, Candied Pecans, Baby Spinach, Crumbled Feta Cheese, Honey Balsamic Herb Vinaigrette",Dairy/ Nuts,No
Wrap,1826,Grilled Chopped Italian Veggie Wrap,$5.49,"Assorted Grilled Vegetables, Garbanzo Bean, Kidney Bean, Pepperoncini, Provolone Cheese, Baby Arugula, Roasted Garlic Aioli, Garlic Herb Tortilla",Dairy/ Gluten,Yes
Wrap,1854,Grilled Curry Chicken Wrap w/ Cilantro Tomato Chutney,$5.75," Curry Marinated Grilled Chicken Salad, Red Curry Mayo, Cilantro & Tomato Chutney, Black & Yellow Raisins, Shredded Romaine Lettuce, Flour Tortilla",Gluten/ Nuts,Yes
Sandwich,1793,Grilled Mediterranean Veggie Hummus Sandwich,$5.75,"Grilled Red Bell Peppers, Roasted Eggplant, Grilled Zucchini, Grilled Yellow Squash, Grilled Onions, Provolone Cheese, Sundried Tomato Hummus, Italian Aioli, Ciabatta Roll",Dairy/ Gluten,Yes
Salad,1872,Grilled Mixed Vegetable Anti-Pasta Salad,$5.99,"Garlic Herb Marinated Grilled Mixed Vegetables, Marinated Garbanzo Beans, Pepperoncini, Roasted Red Bell Peppers, Cherry Tomatoes, Shredded Carrots, Green Onions, Provolone & Parmesan Cheese, Roasted Garlic Croutons, Chopped Romaine Lettuce, Italian Dressing",Dairy/ Gluten,No
Sandwich,1795,Grilled Portobello Torta,$5.75," Chili Glazed Grilled Portobello, Black Bean Mash, Avocado, Chipotle Cilantro Mayo, Queso Fresco, Sliced Yellow Onion, Sliced Tomato, Shredded Iceberg Lettuce, Steak Roll",Dairy/ Gluten,Yes
Sandwich,1794,"Grilled Quinoa Portobello, Roasted Red Bell Pepper & Baby Arugula Sandwich",$5.75,"Grilled Italian Herb Marinated Quinoa stuffed Portobello , Roasted Red Bell Peppers, Lemon Basil Aioli, Provolone, Baby Arugula, Herb Ciabatta Roll",Dairy/ Gluten,Yes
Salad,1877,Grilled Salmon Salad,$6.49,"Dill, Caper & Lemon Grilled Salmon Salad, Roasted Red Bell Peppers, Red Onion, Yellow Wax Beans, Mixed Greens, Brown Butter Crostini, Lemon Wedges, French Herb Vinaigrette",Dairy/ Gluten,No
Sandwich,1816,Grilled Salmon Salad Sandwich ,$7.25,"Grilled Dill Salmon Salad, Lemon Caper Aioli, Mesculan Spring Mix, Toasted La Baccia Roll",Dairy/ Gluten,Yes
Salad,1878,Grilled Steak House Salad,$6.49,"Grilled Skirt Steak, Roasted Tomatoes, Blistered Corn, Grilled Red Onions, Grilled Mushrooms, Bleu Cheese, Romaine Lettuce, French Herb Whole Grain Mustard Vinaigrette",Dairy,No
Wrap,1851,Grilled Steak House Wrap,$5.99,"Garlic Herb Marinated & Grilled Flank Steak, Horseradish Blue Cheese Spread, Crispy Bacon Crumbles, 16 Spice Grilled Red Onions, Charred White Corn, Diced Tomatoes, Shredded Iceberg, Garlic Herb Wrap",Dairy/ Gluten,Yes
Wrap,1834,Grilled Summer Vegetable Wrap,$5.49,"Brentwood Corn, English Peas, Zucchini, Red Bell Pepper, Heirloom Tomato, Arugula, Green Garlic, Spicy Aioli, Tomato Basil Wrap",Gluten,Yes
Wrap,1842,Grilled Tandoori Chicken Wrap,$5.75,"Tandoori Grilled Chicken, Red Curry Mayo, Cilantro Tomato Chutney, Black & Yellow Raisins, Pulao Rice, Shredded Romaine Lettuce, Spinach Flour Tortilla","Gluten, Nuts",Yes
Salad,1879,Grilled Teriyaki Chicken Chopped Salad,$6.49,"Grilled Cubed Teriyaki Chicken Breast, Toasted Almonds, Crispy Ramen Noodles, Green Onion, Edamame, Bean Sprouts, Shredded Iceberg Lettuce, Napa Cabbage, Red Cabbage, Carrot, Black & White Sesame Seeds, Sweet & Spicy Soy Ginger Vinaigrette",Gluten/ Nuts,No
Wrap,1853,Grilled Thai Satay Chicken Wrap,$5.75,"Cubed Grilled Thai Chicken Satay, Coconut Galangal Rice, Shredded Carrots, Red Bell Pepper, Cucumber, Cilantro, Thai Basil ,Toasted Chopped Peanuts, Chili Garlic Sauce, Spinach Tortilla",Gluten/ Nuts,Yes
Breakfast,1775,Grilled Vegetable & Monterey Jack Breakfast Sandwich,$5.99,"Baked Egg, Grilled Mixed Vegetables, Monterey Jack Cheese, Caramelized Onion Relish, Ciabatta",Dairy/ Gluten,Yes
Salad,1753,Grilled Vegetable Taco Salad,$5.99,"Grilled Marinated Cubed Mixed Vegetables, Black Beans, Diced Tomato, Grilled Corn, Green Onion, Pepper Jack Cheese & Cheddar Cheese, Tortilla Chips, Iceberg Lettuce, Chipotle Ranch Dressing",Dairy/ Gluten,No
Breakfast,1919,"Grilled Vegetable, Garden Burger & Cheddar Scramble",$4.99,"Assorted Grilled Veggies, Grilled Cubed Garden Burger, Shredded Cheddar, Scrambled Eggs, Shredded Hash Browns",Dairy/ Gluten,Yes
Breakfast,1753,"Grilled Vegetable, Quinoa & Gouda Breakfast Wrap w/ Scrambled Egg Whites",$5.99,"Egg Whites, Grilled Mixed Vegetables, Quinoa, Gouda, Red Bell Pepper Aioli, Whole Wheat Tortilla",Dairy/ Gluten,Yes
Breakfast,1949,Ham & Cheddar Biscuit Breakfast Sandwich,$5.99,"Shaved Ham, Cheddar Cheese, Baked Egg, Buttermilk Biscuit",Dairy/ Gluten,Yes
Breakfast,1785,Ham & Cheddar Breakfast Sandwich,$5.99,"Baked Egg, Shaved Ham, Cheddar Cheese, Sourdough English Muffin",Dairy/ Gluten,Yes
Breakfast,1763,Ham & Swiss Breakfast Wrap,$5.99,"Diced Ham, Shredded Swiss, Whole Grain Mustard, Scrambled Eggs, Country Potatoes, Flour Tortilla",Dairy/ Gluten,Yes
Sandwich,1811,Ham & Swiss Cheese Sandwich,$6.50,"Black Forrest Ham, Swiss Cheese, Iceberg Lettuce, Tomato, Sliced Red Onion, Brown Mustard, Mayo, Rye Swirl Bread",Dairy/ Gluten,Yes
Breakfast,1787,Ham & Swiss Croissant Breakfast Sandwich,$5.99,"Baked Egg, Sliced Ham, Swiss Cheese, Whole Grain Mustard & Sun Dried Tomato Aioli, Croissant",Dairy/ Gluten,Yes
Breakfast,1758,High Protein Vegan Breakfast Wrap,$5.99,"Tofu, Potato, Crimini Mushrooms, Onion, Nutritional Yeast, Salsa, Basil, Wheat Tortilla",Gluten,Yes
Breakfast,1925,Huevos Rancheros Bowl,$4.99,"Cubed Sausage Patty, Salsa Roja, Pepper Jack Cheese, Scrambled  Eggs, Pinto Beans, Country Potatoes, Gluten Free Tortillas",Dairy,Yes
Wrap,1824,Hummus & Grilled Vegetable Wrap,$5.49,"Assorted Grilled Vegetables, Traditional Hummus, Alfalfa Sprouts, Toasted Sunflower Seeds, Smoked Gouda, Spinach Flour Tortilla",Dairy/ Gluten,Yes
Salad,1873,Italian Anti-Pasta Salad ,$6.49,"Salami, Pepperoni, Marinated Garbanzo Beans, Pepperoncini, Roasted Red Bell Peppers, Cherry Tomatoes, Shredded Carrots, Green Onions, Provolone & Parmesan Cheese, Roasted Garlic Croutons, Chopped Romaine Lettuce, House Italian Dressing",Dairy/ Gluten,No
Breakfast,1926,Italian Breakfast Scramble,$4.99,"Scrambled Eggs, Mild Italian Pork Sausage, Grilled Mushrooms, Roasted Red Bell Peppers & Onions, Black Olives, Marinara Sauce, Fresh Mozzarella, Country Potatoes ",Dairy,Yes
Wrap,1843,Italian Deli Wrap,$5.99,"Salami, Ham, Pepperoni, Roasted Tomatoes, Shredded Basil, Pepperoncini, Mixed Olive Cream Cheese Spread, Provolone Cheese, Shredded Romaine, Italian Aioli, Garlic Herb Flour Tortilla",Dairy/ Gluten,Yes
Sandwich,1820,Jakes Italian Hoagie Rolls,$7.25,"Sopressata, Mortadella, Ham, Provolone, Iceberg Lettuce, Pepperoncini, Tomato, Aioli, Oregano Infused Red Wine Vinegar, Steak Roll",Dairy/ Gluten,Yes
Sandwich,1822,Kati Sandwich,$6.50,"Chicken Tikka Masala, Red Onion, Tomato, Romaine Lettuce, Garlic, Ginger, Lemon-Paprika Dressing, Toasted La Baccia",Dairy/ Gluten,Yes
Wrap,1852,Korean BBQ Grilled Skirt Steak Wrap,$5.99," Marinated & Grilled Skirt Steak, Kim Chee Relish, Korean Style Fried Rice, Sweet Chili Sesame Green Onion Sauce, Shredded Romaine, Spinach Flour Tortilla",Gluten,Yes
Sandwich,1776,Latin Egg Torta,$5.99,"Green Chili, Tomato & Cilantro Egg Scramble, Black Bean Mash, Avocado, Chipotle Cilantro Mayo, Queso Fresco, Steak Roll",Dairy/ Gluten,Yes
Salad,1880,"Latin Spiced Ahi Tuna ""Niciose"" Salad",$6.49,"Latin Spiced Pan-Seared Tuna, Sliced Boiled New Potatoes, Black Beans, Grilled White Corn, Halved Red Pear Tomatoes, Diced Chili Glazed Grilled Red Onion, Sliced & Chili Spiced Hardboiled Egg, Baby Spinach, Cilantro-Lime Vinaigrette, Crispy Tortilla Strips",Gluten,No
Salad,1883,Lemon Pepper Grilled Shrimp Greek Salad,$6.49,"Marinated Grilled Shrimp Skewers, Tomatoes, Roasted Red Onions, Pepperoncini, Mixed Greek Olives, Roasted Red Bell Peppers, Feta Cheese, Shredded Romaine Hearts, Greek Lemon Vinaigrette, Crispy Pita Chips",Dairy/ Gluten/ Shellfish,No
Sandwich,1803,"Lemon, Almond, Grilled Chicken Salad Sandwich",$6.50,"Herb Marinated Grilled & Shredded Chicken Breast, Almonds, Lemon Zest, Roasted Garlic Aioli, Chopped Green Onions, Shredded Romaine, Swiss Cheese, Croissant",Dairy/ Gluten/ Nuts,Yes
Wrap,1862,Lemongrass Beef Wrap,$5.99,"Beef, Tomato Fried Rice, Bean Sprout, Pickled Cabbage, Cilantro, Mint, Tomato Basil Tortilla",Gluten,Yes
Breakfast,1759,Loaded Breakfast Burrito,$5.99,"Scrambled Eggs, Breakfast Sausage, Crispy Bacon, Cheddar Cheese, Country Potatos, Flour Tortilla",Dairy/ Gluten,Yes
Wrap,1856,Local Salmon Wrap,$5.99,"Salmon, Bacon & Potato Hash, Roasted Winter Squash, Avocado, Horseradish Crème Fraiche, Onion, Herb Garlic Tortilla",Dairy/ Gluten,Yes
Wrap,1846,Local Salmon Wrap,$5.99,"Salmon, Bacon & Potato Hash, Asparagus, English Peas, Horseradish Crème Fraiche, Onion, Herb Garlic Tortilla",Dairy/ Gluten,Yes
Breakfast,1942,Lox & Bagel Display,$6.99,"Cured & Lightly Smoked Atlantic Salmon, Plain Bagel, Whipped Cream Cheese",Dairy/Gluten,Yes
Anytime,1904,Mediterranean Display,$4.49,"Roasted Red Bell Pepper Hummus, Mixed Olives, Cubed Feta, Baked Pita Chips",Dairy/ Gluten,Yes
Breakfast,1774,Mediterranean Egg White Breakfast Sandwich,$5.99,"Baked Egg Whites, Roasted Tomato/ Balsamic Jam, Basil Pesto, Mozzarella Cheese, Ciabatta",Dairy/ Gluten/ Nuts,Yes
Wrap,1830,Mediterranean Falafel Wrap,$5.49,"Crispy House-Made Falafel, Diced Cucumber, Diced Tomato, Shredded Iceberg Lettuce, Feta Yogurt Sauce, Chili-Garlic Sauce, Tahini Sauce, Garlic Herb Tortilla",Dairy/ Gluten,Yes
Wrap,1844,Mediterranean Grilled Chicken Wrap,$5.75,"Grilled Mediterranean Chicken Breast, Roasted Red Bell Peppers, Grilled Onions, Pepperoncini, Baby Spinach, Kalamata Olives, Feta Cheese, Italian Aioli, Flour Tortilla",Dairy/ Gluten,Yes
Breakfast,1757,Mediterranean Vegetarian Breakfast Wrap,$5.99,"Scrambled Eggs, Garlicky Sautéed Spinach, Roasted Red Bell Peppers, Crumbled Feta, Country Potatoes, Herb Garlic Flour Tortilla",Dairy/ Gluten,Yes
Sandwich,1805,New Orleans Muffaletta,$7.25,"Salami, Ham, Pepperoni, Turkey, Provolone Cheese, Spicy Olive Roasted Bell Pepper & Pepperoncini Salad Spread, Roasted Garlic Aioli, Herb Focaccia",Dairy/ Gluten,Yes
Sandwich,1818,Old Fashioned Meatloaf Sandwich,$6.50,"Apple-Wood Smoked Bacon, Beef, Lettuce, Red Onion, Tomato, Ketchup, Aioli on Toasted La Baccia",Dairy/ Gluten,Yes
Sandwich,1797,Pav Bhaji,$5.75,"Potatoes, Carrots, Peas, Cabbage, Cauliflower, Red Onions, Yogurt, Garlic, Ginger, Ciabatta Roll",Dairy/ Gluten,Yes
Sandwich,1784,Pepper Turkey & Cheddar Breakfast Sandwich,$5.99,"Sliced Pepper Turkey, Cheddar Cheese, Baked Egg Whites, Whole Wheat English Muffin",Dairy/ Gluten,Yes
Sandwich,1807,Pesto Chicken Caprese Sandwich,$6.50,"Shredded Grilled Pesto Chicken, Baby Arugula, Sliced Tomato, Mozzarella Cheese, Balsamic Romano Aioli, Ciabatta Roll",Dairy/ Gluten/ Nuts,Yes
Breakfast,1767,Pesto Chicken-Apple Sausage Breakfast Burrito,$5.99,"Scrambled Eggs, Chicken-Apple Breakfast Sausage, Smoked Gouda, House-Made Pesto, Country Potatoes, Flour Tortilla",Dairy/ Gluten/ Nuts,Yes
Breakfast,1918,Portobello Mushroom Benedict,$4.99,"Grilled Portobello Mushroom Cap, Garlicky Sautéed Spinach, Roasted Tomatoes, Shredded Swiss, Hollandaise Sauce, Scrambled Eggs, Toasted English Muffin, Hash Browns",Dairy,Yes
Wrap,1831,Potato Pea Curry Wrap,$5.49,"Gold Potatoes, Garbanzo Beans, Peas, Cilantro, Crispy Tofu, Caramelized Onions, Curry, Garlic, Shredded Iceberg Lettuce, Mango Chutney, Spinach Flour Tortilla",Gluten,Yes
Wrap,1832,Punjabi Cholle Masala Wrap,$5.49,"Garbanzo Beans, Potato, Onion, Tomato, Masala Powder, Chili, Yogurt, Wheat Tortilla",Dairy/ Gluten,Yes
Breakfast,1917,Quiche Florentine,$4.99,"Garlicky Sautéed Spinach, Swiss Cheese, Parmesan Cheese, Caramelized Onions, Chives, Savory Crust, Egg Custard Filling, Country Potatoes",Dairy/ Gluten,Yes
Breakfast,1930,Quiche Lorraine,$4.99,"Crispy Bacon, Swiss Cheese, Caramelized Onions, Chives, Savory Crust, Egg Custard Filling",Dairy/ Gluten,Yes
Breakfast,1914,Quinoa Eggs Benedict,$4.99,"Mixed Vegetable, Smoked Gouda, Pan Seared Quinoa Cake, Scrambled Eggs, Hollandaise Sauce, Country Potatoes",Dairy,Yes
Sandwich,1806,Roast Beef Sandwich,$7.25,"Deli Roast Beef, Cheddar, Lettuce, Tomato, Red Onion, Brown Mustard, Mayo, Herb Onion Roll",Dairy/ Gluten,Yes
Wrap,1866,Roast Beef Wrap,$5.99,"Roast Beef, Provolone Cheese, Pepperoncini, Horseradish Aioli, Avocado, Red Onion, Flour Tortilla",Dairy/ Gluten,Yes
Sandwich,1819,Roasted Leg of Lamb Sandwich,$7.25,"Lamb, Arugula, Black Olive Tapenade, Preserved Lemon Aioli, Shaved Pecorino Cheese, Butter Toasted La Baccia",Dairy/ Gluten,Yes
Salad,1868,"Roasted Pear, Pecan & Cranberry Salad",$5.99,"Baby Spinach, Grilled Yellow Onions, Herbed Farro, Cranberries, Candied Pecans, Crumbled Blue Cheese, Roasted Bosc Pears, Balsamic Vinaigrette",Dairy/ Gluten/ Nuts,No
Sandwich,1801,Roasted Turkey Sandwich,$6.50,"Roasted Turkey Breast with Cheddar, Lettuce, Tomato, Sliced Red Onion, Brown Mustard, Mayo, Dutch Crunch",Dairy/ Gluten,Yes
Salad,1881,Salad Niciose,$6.49,"Seared Marinated Ahi Tuna, Haricot Verts, Marinated Olives, Boiled New Potatoes, Tomato, Red Onion, Hard Boiled Egg , Red Bell Pepper, Roasted Mushrooms, Spring Mix, French Herb Vinaigrette, Roasted Garlic Crostini",Gluten,No
Breakfast,1916,Salsa Verde Grilled Veggie Breakfast Enchiladas,$4.99,"Black Beans, Green Chili’s, Grilled Mixed Vegetables, Scrambled Eggs, Pepper Jack Cheese, Corn Tortillas, Salsa Verde, Country Potatoes",Dairy,Yes
Sandwich,1786,Sausage Biscuit Breakfast Sandwich,$5.99,"Sausage Patty, Cheddar Cheese, Baked Egg, Buttermilk Biscuit",Dairy/ Gluten,Yes
Breakfast,1765,Sausage Breakfast Burrito,$5.99,"Scrambled Eggs, Sausage, Cheddar Cheese, Hash Browns, Flour Tortilla",Dairy/ Gluten,Yes
Breakfast,1946,Sausage Cheddar Breakfast Sandwich,$5.99,"Baked Egg, Sausage Patty, Cheddar Cheese, Sourdough English Muffin",Dairy/ Gluten,Yes
Breakfast,1781,Sausage Cheddar Croissant Breakfast Sandwich,$5.99," Baked Eggs, Country Sausage Patty, Cheddar Cheese, Croissant",Dairy/ Gluten,Yes
Breakfast,1929,Scrambled Eggs Benedict,$4.99,"Toasted English Muffin, Ham, Scrambled Eggs, House Made Hollandaise Sauce, Country Potatoes",Gluten/ Dairy,Yes
Anytime,1897,Seven layer Dip,$4.49,"Guacamole, Refried Beans, Sour Cream, Cheddar Cheese, Enchilada Sauce, Tortilla Chips, Tomato, Black Olives, Green Onion",Dairy,Yes
Anytime,1898,Shrimp Empanada,$4.49,"Shrimp, Bell Peppers, Oaxaca Cheese, Cilantro, Pastry Dough",Gluten/ Shellfish,Yes
Anytime,1921,Singapore Fried Noodle,$4.99,"Fried Tofu, Mung Bean Sprout, Rice Stick, Cabbage, Carrot, Red Bell Pepper, Scallion, Curry Powder, Tamari",,Yes
Sandwich,1950,Smoked Salmon & Hard Boiled Egg Sandwich,$5.99,"Smoked salmon, Hardboiled Egg, Cream Cheese, Capers, Red Onion, Dill, Bagel",Dairy/ Gluten,Yes
Anytime,1941,Smoked Trout & Bagel Display,$6.99,"Cured & Lightly Smoked Trout, Plain Bagel, Whipped Creamed Cheese, Capers, Pickled Jalapenos, Red Onion",Dairy/Gluten,Yes
Anytime,1913,Soup of the day,$2.49,Rotational Seasonal Soup,,Yes
Breakfast,1923,Southern Biscuits & Country Gravy,$4.99,"Country Sausage Gravy, Cheddar Cheese, Baked Egg, Buttermilk Biscuit, Country Potatoes",Dairy/ Gluten,Yes
Breakfast,1762,Southwest Bacon Breakfast Burrito,$5.49," Scrambled Eggs, Apple-Wood Smoked Bacon, Pepper Jack Cheese, Roasted Green Chili's, Black Beans, Shredded Hash Browns, Chipotle Flour Tortilla",Dairy/ Gluten,Yes
Wrap,2653,Southwestern Chicken Wrap,$5.75,"Chicken, Black Beans, Spinach, Tomato, Red Onion, Avocado, Pickled Jalapeno, Sour Cream, Cilantro, Chipotle Flour Tortilla ",Dairy/ Gluten,Yes
Salad,1882,Southwestern Grilled Chicken Salad ,$6.49,"Grilled Marinated Chicken Breast, Black Beans, Diced Tomato, Grilled Corn, Green Onion, Pepper Jack Cheese, Cheddar Cheese, Tortilla Chips, Iceberg Lettuce, Chipotle Ranch Dressing",Dairy/ Gluten,No
Wrap,1828,Southwestern Grilled Vegetable Wrap,$5.49,"Chili Glazed Grilled Mixed Vegetables, Black Beans, Diced Tomato, Grilled White Corn, Green Onion, Pepper Jack Cheese, Chipotle Aioli, Baby Spinach, Chipotle Flour Tortilla",Dairy/ Gluten,Yes
Breakfast,1754,Southwestern Vegetable Breakfast Wrap,$5.99,"Pinto Bean, Corn, Fresh Veggie Salsa, Queso Fresco, Chipotle Crème, Scrambled Eggs, Country Potatoes, Flour Tortilla",Dairy/ Gluten,Yes
Wrap,1858,Spicy Chipotle Shrimp Wrap,$5.99,"Chipotle Shrimp, Cilantro Rice, Black Bean, Tomato, Corn, Green Onion, Avocado, Pepper Jack Cheese, Cumin & Lime Aioli, Tomato Tortilla",Dairy/ Gluten/ Shellfish,Yes
Anytime,1903,Steamed Edamame,$2.49,,,Yes
Salad,1869,Summer Vegetable & White Bean Panzanella Salad,$5.99,"Grilled Shaved Asparagus, Edamame, Shaved Radishes, Spring Baby Carrots, Snow Peas, Scallions, Parmesan Cheese, Cannellini Beans, Roasted Garlic Croutons, Italian Herb Sherry Vinaigrette",Dairy/ Gluten,No
Wrap,1847,Sweet & Spicy Asian Chicken Wrap,$5.75,"Cosmo Marinated Grilled Cubed Chicken, Napa & Red Cabbage, Iceberg Lettuce, Carrot, Cilantro, Green Onion, Water Chestnuts, Crispy Ramen Noodles, Sweet & Spicy Chili Hoisin Sauce, Spinach Flour Tortilla",Gluten,Yes
Anytime,1940,Sweet Cheese Blintzes,$5.99,"Mixed Berry Compote, Powdered Sugar",Dairy/ Gluten,Yes
Wrap,1827,Sweet Potato Lentil Curry Wrap,$5.49,"Crispy Garam Masala Sweet Potatoes Croquettes, Red & Green Curried Lentils, Peas, Shredded Carrots, Roasted Tri-Color Cauliflower Florets, Pulao Basmati Rice, Cilantro Tomato Chutney, Spinach Flour Tortilla",Gluten/ Nuts,Yes
Anytime,1912,Tajin Cup,$4.49,"Pineapple, Watermelon, Mango, Jicama, Cucumber, Lime Wedges, Chili Lime Salt",,No
Wrap,1860,Teriyaki Chicken Wrap,$5.75,"Chicken Thighs, Sesame Rice, Grilled Zucchini, Pickled Cabbage, Carrots, Scallion, Soy Sauce, Ginger Miso Dressing, Flour Tortilla",Gluten,Yes
Wrap,1833,Teriyaki Tofu Wrap,$5.49,"Tofu, Miso Grilled Yellow Squash & Zucchini, Wasabi Soy Red Cabbage, Hijiki Seaweed, Wheat Tortilla",Gluten,Yes
Salad,1884,Thai Grilled Chicken Salad,$6.49,"Thai Marinated Grilled Chicken Breast, Bell Peppers, Carrots, Cilantro, Thai Basil, Mint, Cucumbers, Toasted Peanuts, Grilled Onions, Butter Lettuce & Romaine Hearts, Spicy Peanut Vinaigrette",Gluten/ Nuts,No
Salad,1885,Thai Grilled Steak Salad,$6.49,"Thai Marinated Grilled Skirt Steak, Bell Peppers, Carrots, Cilantro, Thai Basil, Mint, Cucumbers, Toasted Peanuts, Grilled Onions, Butter Lettuce, Romaine Hearts, Spicy Peanut-Lime Vinaigrette",Gluten/ Nuts,No
Wrap,1829,Thai Peanut Mango Tofu Jasmine Rice Wrap,$5.49,"Thai Satay Tofu, Coconut Galangal Rice, Carrots, Red Bell Pepper, Cucumber, Cilantro, Thai Basil, Cubed Mango, Spicy Chili Peanut Sauce, Sriracha-Lime Mayo, Butter Leaf Lettuce, Flour Tortilla",Gluten/ Nuts,Yes
Sandwich,1813,The Cosmo Roast Beef Delight,$6.50,"Roast Beef, Avocado Spread, Sautéed Mushrooms, Swiss Cheese, Tomato, Iceberg Lettuce, Roasted Garlic Herb Aioli, Dutch Crunch",Dairy/ Gluten,Yes
Sandwich,1815,The Cuban Sandwich,$6.50,"Sliced Deli Ham, Latin Spiced Rubbed Roasted Pulled Pork, Sliced Dill Pickles, Yellow Mustard, Mayo, Swiss Cheese, Toasted La Baccia Roll",Dairy/ Gluten,Yes
Wrap,1848,The Turkey Ruben Wrap ,$5.75,"Turkey Pastrami, Sauerkraut, Swiss Cheese, Caraway Cream Cheese, Confetti Cabbage, Thousand Island Dressing, Garlic Herb Tortilla",Dairy/ Gluten,Yes
Breakfast,1752,Three Cheese Vegetable Breakfast Burrito,$5.99,"Cheddar, Pepper Jack Cheese, Swiss Cheese, Mixed Grilled Vegetables, Egg, Country Potato, Spinach Flour Tortilla",Dairy/ Gluten,Yes
Entrée,1943,Today's Lunch Entrée 1,$7.99,PLEASE SEE LABEL FOR TODAYS OFFERING,,Yes
Entrée,1944,Today's Lunch Entrée 2,$6.99,PLEASE SEE LABEL FOR TODAYS OFFERING,,Yes
Entrée,1945,Today's Vegetarian Lunch Entrée,$7.49,PLEASE SEE LABEL FOR TODAYS OFFERING,,Yes
Breakfast,1927,Traditional Eggs Benedict Bowl,$4.99,"Hollandaise Sauce, Thinly Sliced Ham, Creamed Scrambled Eggs, Toasted English Muffin, Hash Browns",Dairy,Yes
Salad,1870,Tropical Island Quinoa Baby Spinach Salad,$5.99,"Mango, Papaya, Jicama, English Cucumber, Red Bell Pepper, Scallions, Red Chili Coconut Quinoa, Toasted Pepitas, Baby Spinach, Chili-Lime Vinaigrette",,No
Wrap,2825,Tuna Pesto Salad Wrap,$5.99,"Classic Tuna Salad, Swiss Cheese, Romaine Lettuce, Tomato, Red Bell Pepper, Pesto, Red Onion, Herb Garlic Tortilla ",Dairy/ Gluten/ Nuts,No
Wrap,1773,Turkey Alpino Wrap,$5.99,"Turkey, Quinoa, Fontina Cheese, D'anjou Pears, Walnuts, Arugula, Balsamic Vinaigrette, Thyme, Tomato Basil Tortilla",Dairy/ Gluten/ Nuts,Yes
Salad,1886,Turkey Cobb Salad,$6.49,"Turkey, Bacon, Green Onion, Eggs, Avocado, Blue Cheese, Cherry Tomatoes, Iceberg Lettuce, Pesto Ranch",Dairy/ Nuts,No
Wrap,1849,Turkey Cobb Wrap,$5.75,"Roasted Turkey Breast, Bacon, Blue Cheese, Avocado, Tomato, Iceberg Lettuce, Traditional Cobb Dressing , Spinach Flour Tortilla",Dairy/ Gluten/ Nuts,Yes
Sandwich,1808,"Turkey, Brie & Roasted Apple Sandwich",$7.25," Roasted Turkey, Brie Cheese, Spiced Roasted Apples, Caramelized Onions, Cranberry Sauce, Whole Grain Mustard Aioli, French Demi-Baguette",Dairy/ Gluten,Yes
Sandwich,1809,Tuscan Grilled Chicken Sandwich,$6.50,"Marinated Grilled Chicken Breast, Roasted Bosc Pears, Walnut Butter, Caramelized Onions, Spring Mix, Blue Cheese, Ciabatta Roll",Dairy/ Gluten/ Nuts,Yes
Wrap,1764,Tuscan Pancetta Breakfast Wrap,$5.99,"Crispy Pancetta, Sautéed Baby Arugula, Shredded Mozzarella, Roasted Tomato, Balsamic Red Onion Jam, Scrambled Eggs, Country Potatoes, Tomato Basil Wrap",Dairy/ Gluten,Yes
Breakfast,1777,"Vegetarian ""Sausage"" Biscuit Breakfast Sandwich",$5.99,"Baked Egg, Morning Star Vegetarian Sausage Patty, Cheddar Cheese, Buttermilk Biscuit",Dairy/ Gluten,Yes
Anytime,1893,Vietnamese Vermicelli Noodle Bowl(Bun Cha),$6.49," Lemongrass Chicken, Vermicelli Noodles, Iceberg Lettuce, Cucumber, Bean Sprouts, Shredded Carrots, Scallion Oil, Sambal, Peanuts, Mint, Nam Pla Vinaigrette ",Gluten/ Nuts/ Shellfish,No
Wrap,1850,Waldorf Grilled Chicken Wrap,$5.75,"Grilled Shredded Chicken, Green Apple, Redflame Seedless Grapes, Golden Raisins, Candied Walnuts, Celery, Butter Leaf Lettuce, Waldorf Dressing, Whole Wheat Tortilla",Gluten/ Nuts,Yes
Salad,3084,Vegetable & White Bean Panzanella Salad,$5.99,"Grilled Blue Lake Beans, Edamame, Shaved Radishes, Spring Baby Carrots, Snap Peas, Scallions, Parmesan Cheese, Cannellini Beans & Roasted Garlic Croutons , Italian Herb Sherry Vinaigrette",Dairy/ Gluten,No
Sandwich,9999,Josey's Ham & Cheese Sandwich ,$6.50,"Black Forest Ham, Gouda, Spicy Brown Mustard, Lettuce, Tomato, Red Onion, Pickle, Cucumber & Mayonnaise on a Croissant ",Dairy/ Gluten,No
Sandwich ',9998,Avocado BLT ,$7.25,"Avocado, Apple-Wood Smoked Bacon, Romaine, Tomato, & Mayonaise on Sliced Sourdough Bread",Gluten,No
,,,,,,
,,,,,,
,,,,,,
,,,,,,
,,,,,,
,,,,,,
,,,,,,
,,,,,,
,,,,,,
,,,,,,
,,,,,,
,,,,,,
,,,,,,
,,,,,,
,,,,,,
,,,,,,
,,,,,,
,,,,,,
,,,,,,
,,,,,,
,,,,,,
,,,,,,
,,,,,,
,,,,,,
,,,,,,
,,,,,,
,,,,,,
,,,,,,
,,,,,,
,,,,,,
,,,,,,
,,,,,,
